atmospheric density,dyn. pressure,mach,G force,alt(sea),met,vert. speed,ground speed,air speed,intake flow,angle of attack(total),apoapsis alt.,apoapsis time,periapsis alt.,periapsis time,Liquid Fuel,Oxidizer,open cycle thrust,closed cycle thrust
1.1149269342422485,0.08688071370124817,0.0011078538373112679,0.9948253035545349,71.10060307348613,0.0,0.00022107535530853587,0.3969702580457853,0.397409051656723,10.832412242889404,1.729843020439148,71.10061836289242,551.6420346980046,-598428.1212578407,275.8209689353357,2900.0,2200.0,0.0,0.0
1.1149377822875977,3.3613041523494758e-06,8.26716404844774e-06,0.9946320652961731,71.098558128695,0.0,3.136544554572837e-05,0.0024707126122307087,0.0024555206764489412,10.034440755844116,54.486382246017456,71.09855821100064,3.2147740967047866e-06,-598435.3199720944,275.8160999277147,2900.0,2200.0,0.0,0.0
1.1149429082870483,4.062320385855855e-06,8.237881047534756e-06,0.9955846071243286,71.09886566514615,0.0,0.0007791486591468436,0.002686817233999058,0.002699452918022871,10.035548448562622,37.37162971496582,71.09886563790496,7.985812436572814e-05,-598435.2996718754,275.8161907422313,2900.0,2200.0,0.0,0.0
1.1149479150772095,0.05810905620455742,0.0007241983548738062,0.9959750175476074,71.09840401180554,0.0,-0.00020528473546961297,0.32279343184793297,0.3228565454483032,10.656347036361694,1.7019316852092743,71.09840411983896,551.6401557852787,-598429.5151197385,275.8200673722015,2899.617431640625,2200.0,74351.4765625,0.0
1.1149556636810303,37.07066345214844,0.021913234144449234,1.0509495735168457,71.07742639549542,1.820000001695007,-0.018126216910284258,8.154512678230526,8.15457534790039,26.25507354736328,1.5771141536533833,71.07744333252776,551.8361614356043,-598285.6519864824,275.91715133947116,2897.8896484375,2200.0,146964.796875,0.0
1.1149704456329346,208.18673706054688,0.053119346499443054,1.0857036113739014,71.00559859280474,4.660000004339963,-0.03552671130595735,19.32450717611285,19.324569702148438,48.63044548034668,1.5517982728779316,71.00566315941978,552.1316711877334,-598069.4627190095,276.0640127343422,2895.472900390625,2200.0,185186.515625,0.0
1.1149924993515015,560.87353515625,0.08791521191596985,1.1043891906738281,70.88219745852984,7.360000006854534,-0.0548665278660279,31.718354095386285,31.718416213989258,73.48024940490723,1.5433408850803971,70.88235316390637,552.4804318035323,-597814.4143247316,276.23739833194213,2892.769287109375,2200.0,205466.671875,0.0
1.1150213479995728,1126.85205078125,0.12518249452114105,1.1109203100204468,70.70947219396476,10.060000009369105,-0.0711035907898942,44.95792384290894,44.957984924316406,100.0398941040039,1.5241785924881697,70.7097305470379,552.8779204695425,-597524.1954277727,276.4353053089776,2889.833984375,2200.0,216644.109375,0.0
1.1150555610656738,1890.1163330078125,0.16257405281066895,1.1085009574890137,70.50222070270684,12.780000011902303,-0.08548915934223197,58.225141795541866,58.22520446777344,126.65711975097656,1.6723873056471348,70.50259552558418,553.3017128829126,-597215.0412636513,276.6464575292748,2886.78271484375,2200.0,222773.40625,0.0
1.1150926351547241,2920.136474609375,0.20244835317134857,1.1044703722000122,70.27903709246311,15.640000014565885,-0.09089718726791432,72.37035890290645,72.37042236328125,155.04211044311523,1.729686014354229,70.27946239872836,553.7825210609915,-596865.2159192503,276.8865778907508,2883.50390625,2200.0,226630.8125,0.0
1.1151260137557983,4060.46875,0.23912914097309113,1.0862982273101807,70.08640297572128,18.400000017136335,-0.0804823980100346,85.33767237267021,85.33773803710938,181.06879425048828,1.83648344501853,70.08673371828627,554.2506014775158,-596525.9460144667,277.1211499368309,2880.29052734375,2200.0,230188.375,0.0
1.1151515245437622,5314.056640625,0.27364176511764526,1.1104353666305542,69.9561434565112,21.24000001978129,-0.03139965010431968,97.62496100119245,97.6250228881836,205.76446533203125,1.2012987527996302,69.956194250728,554.7208792597526,-596188.1384820691,277.3588183995022,2876.92626953125,2200.0,234634.140625,0.0
1.1151586771011353,6640.95703125,0.30644917488098145,1.0626360177993774,69.96415322076064,24.140000022482127,0.03704554482330634,109.13441876879506,109.13448333740234,228.81501007080078,2.124104376649484,69.96422611817252,0.003829702575842475,-595857.1447983442,277.59396473539465,2873.44091796875,2200.0,240013.8125,0.0
1.11514413356781,7951.86572265625,0.335502028465271,1.0540175437927246,70.13349520775955,27.040000025182962,0.08454233648563422,119.4218419426025,119.42190551757812,249.4222412109375,2.4320778027176857,70.1338645350188,0.0087488083524363,-595549.4969554045,277.81103916627507,2869.849609375,2200.0,245811.5625,0.0
1.1146042346954346,8646.37109375,0.35140883922576904,1.8084907531738281,74.29973096156027,29.860000027809292,7.239696747519988,124.55792303627538,124.55799102783203,252.79920196533203,12.142965078353882,77.01312311005313,0.7495883686722777,-595398.0437612842,278.6610263601053,2866.251708984375,2200.0,249437.0625,0.0
1.1107265949249268,8892.7421875,0.3563080430030823,1.1218489408493042,102.9863848151872,32.7400000304915,13.888888315668572,126.54034571266104,126.54041290283203,260.3736572265625,8.31093943119049,112.97530984377954,1.4384137710192704,-595352.645599494,279.4059436719606,2862.609130859375,2200.0,249839.265625,0.0
1.106541633605957,9934.5400390625,0.37737464904785156,1.1241700649261475,133.82711531594396,35.62000003317371,9.839901764446656,133.99999030031626,134.00006103515625,273.7082290649414,9.254072487354279,138.84553203487303,1.0200160388200175,-595103.6774324056,279.1770544694123,2858.908935546875,2200.0,254158.53125,0.0
1.1028544902801514,11046.02734375,0.3985339403152466,0.9810053706169128,161.1475941593526,38.460000035818666,8.468259649849086,141.5333381796321,141.5334014892578,288.58019256591797,6.864437758922577,164.86783510970417,0.8786335446274052,-594855.3619624183,279.2248782460587,2855.169921875,2200.0,259103.484375,0.0
1.0996789932250977,12279.99609375,0.42097580432891846,1.0262887477874756,184.77767348568887,41.340000038500875,8.123356395794769,149.44484509104964,149.44491577148438,303.3823776245117,6.92776794731617,188.20432887750212,0.8436566481374825,-594590.7415335078,279.38854665154565,2851.348876953125,2200.0,265064.53125,0.0
1.0963866710662842,13569.4033203125,0.44340839982032776,1.0759289264678955,209.37615015369374,44.220000041183084,9.154030263960689,157.33063828651862,157.33070373535156,317.94303131103516,7.020461484789848,213.73175006057136,0.9516268092073688,-594322.6946947753,279.6990858237163,2847.408935546875,2200.0,271562.78125,0.0
1.0924677848815918,14729.9765625,0.4632145166397095,1.2467108964920044,238.78353709250223,47.040000043809414,12.78361906353531,164.21450750251503,164.21458435058594,329.8418273925781,7.615050699561834,247.28537028597202,1.330119891988602,-594090.1563692658,280.26122726635754,2843.459228515625,2200.0,277473.09375,0.0
1.0869669914245605,15821.3193359375,0.48164668679237366,1.2478524446487427,280.19228747684974,49.860000046435744,17.193902740941006,170.6192392900136,170.6193084716797,340.6721420288086,7.446017563343048,295.5855292993365,1.7905617274439578,-593874.5845830268,280.9038250970883,2839.400390625,2200.0,282850.71875,0.0
1.0791418552398682,16703.7890625,0.4971866011619568,1.2333180904388428,339.42715548176784,52.80000004917383,23.47158782791132,175.94748114457784,175.94754028320312,348.6466293334961,7.195027261972427,368.13536422210746,2.446247917007895,-593704.8303671749,281.72681344828874,2835.15771484375,2200.0,286816.53125,0.0
1.0683505535125732,17355.83984375,0.5100809931755066,1.2413347959518433,421.7621281205211,55.84000005200505,30.83580450219327,180.25228335880368,180.25234985351562,353.393310546875,8.251104474067688,471.3458149089711,3.216068959925167,-593584.3609337255,282.65110700142526,2830.691162109375,2200.0,289154.0625,0.0
1.0558114051818848,17933.181640625,0.5222188830375671,1.1476331949234009,518.3620633216342,58.700000054668635,35.55490047117412,184.31062002424179,184.31068420410156,357.37811279296875,7.006028831005096,584.3334464384243,3.711093063169699,-593460.9952275527,283.3093867902881,2826.4345703125,2200.0,290807.9375,0.0
1.0418202877044678,18494.517578125,0.5346718430519104,1.0754059553146362,627.4247957637999,61.60000005736947,39.00669465196197,188.42561642385778,188.42568969726562,360.65311431884766,6.208447694778442,706.8932223863667,4.074782164503745,-593326.8540788526,283.8504222119712,2822.124755859375,2200.0,292275.1875,0.0
1.026823878288269,19004.953125,0.546929657459259,1.0863741636276245,745.8874144600704,64.52000006008893,42.03912847941553,192.3978753773936,192.39793395996094,362.76292419433594,6.411315008997917,838.2707843382377,4.39533617955135,-593194.4368756044,284.3532624994401,2817.763916015625,2200.0,293457.25,0.0
1.0116913318634033,19746.87890625,0.562362551689148,0.8703978657722473,867.0263319780352,67.40000006277114,40.45614974364921,197.57868599800972,197.57875061035156,367.70745849609375,4.260113000869751,952.6791749621043,4.234553455658215,-592974.4887277437,284.42358219136236,2813.4736328125,2200.0,295947.5,0.0
0.9972123503684998,20730.462890625,0.5814865231513977,0.9702137112617493,984.5605670429068,70.42000006558374,38.094675168656835,203.90390550044816,203.9039764404297,373.3246383666992,4.763971626758575,1060.6032926425105,3.992468397679204,-592700.918554831,284.44525811016786,2808.882080078125,2200.0,300293.375,0.0
0.9835326075553894,21571.634765625,0.5983479619026184,1.0091300010681152,1097.1588599644601,73.38000006834045,38.18605108387632,209.44115532580747,209.44122314453125,377.79846954345703,4.748425185680389,1173.6528088705381,4.006549534372198,-592474.364207296,284.6942072303099,2804.32177734375,2200.0,303976.28125,0.0
0.9700590968132019,22407.640625,0.6155048608779907,1.3439831733703613,1209.5312477849657,76.36000007111579,38.753842240441905,214.93832013479948,214.93838500976562,380.7195129394531,8.04221647977829,1288.405445309123,4.070698397820706,-592248.8651832188,284.99373780473036,2799.670166015625,2200.0,307947.09375,0.0
0.9549127817153931,22773.763671875,0.6265478134155273,1.197888731956482,1337.7195401340723,79.44000007398427,44.198581356484894,218.39889446183156,218.39895629882812,381.39385986328125,7.481896102428436,1440.3968281549169,4.646441179069086,-592143.2550596674,285.7477297263248,2794.82861328125,2200.0,308742.21875,0.0
0.9389392733573914,23094.931640625,0.6376808881759644,1.2006152868270874,1474.9492689743638,82.44000007677823,48.18809454566066,221.79638709644288,221.79644775390625,380.8612060546875,6.431605577468872,1597.1036108037224,5.070235764164636,-592030.9415637839,286.35771497702046,2790.09765625,2200.0,309368.9375,0.0
0.9220226407051086,23567.462890625,0.6514268517494202,1.0425829887390137,1622.6098564349813,85.48000007960945,49.209652315388226,226.099968375089,226.10003662109375,381.59993743896484,5.746428370475769,1750.1366010372294,5.183358353395079,-591852.8846852389,286.7000433985482,2785.29052734375,2200.0,310900.0625,0.0
0.9048277735710144,23786.966796875,0.6624429225921631,1.136997938156128,1775.3424288599053,88.52000008244067,52.496912721083326,229.29861922569717,229.29869079589844,379.2177963256836,6.6619076281785965,1920.6066464121686,5.5346394889193675,-591741.8025608558,287.24628552160954,2780.4638671875,2200.0,311165.40625,0.0
0.8866093158721924,23872.1328125,0.6721447706222534,1.016861081123352,1940.0902119193925,91.5600000852719,55.439168982874364,232.05680990254336,232.056884765625,376.3176498413086,6.053924819454551,2102.2379372002324,5.850090533941,-591644.9040466123,287.7546489791707,2775.646484375,2200.0,310551.3125,0.0
0.8679913282394409,23948.083984375,0.682387113571167,1.0215089321136475,2111.651855703327,94.60000008810312,57.33352214543716,234.9051528052088,234.9052276611328,372.76309967041016,6.150047056376934,2285.2354655459058,6.055795813981945,-591532.7189883289,288.1648485881971,2770.836181640625,2200.0,310097.875,0.0
0.8490275144577026,24199.2421875,0.6950944066047668,0.6855286359786987,2289.8016484269174,97.68000009097159,56.25913001349123,238.7563028719861,238.75637817382812,372.07479095458984,2.654000796377659,2457.1414078157395,5.949435423392686,-591343.5838649287,288.308674650854,2765.968994140625,2200.0,310618.34375,0.0
0.8323299884796143,24989.787109375,0.7154905200004578,0.7409689426422119,2449.5537181969266,100.72000009380281,50.05898346435141,245.04640928635357,245.04649353027344,373.60326385498047,4.310874274931848,2582.257158820168,5.302266528183907,-590995.0128241578,287.9898631171251,2761.11474609375,2200.0,315240.46875,0.0
0.8173722624778748,26017.853515625,0.7386899590492249,0.8492438197135925,2595.105957595515,103.82000009668991,43.567828303886294,252.313576836248,252.31365966796875,377.05440521240234,4.291084051132202,2695.7985927773407,4.622592339762605,-590603.9219092816,287.66013751647114,2756.050048828125,2200.0,321566.25,0.0
0.8044157028198242,26841.916015625,0.7591494917869568,1.5668889284133911,2723.1915215672925,106.92000009957701,41.50062372758949,258.33385561332847,258.3339538574219,375.37059020996094,10.617419183254242,2814.6830435491866,4.409383164652695,-590305.2185283655,287.7366230646101,2750.917724609375,2200.0,327169.71875,0.0
0.7912746667861938,27432.298828125,0.7748842835426331,1.1628535985946655,2855.030332773458,110.00000010244548,42.43320560692605,263.3190701249062,263.31915283203125,379.1714324951172,7.247024022042751,2950.795316506643,4.513916322924558,-590073.7791845874,288.09622086789386,2745.766845703125,2200.0,330406.46875,0.0
0.7782642245292664,28164.53125,0.7934114336967468,1.015360951423645,2987.445970005356,113.12000010535121,42.26732332011741,269.0311556746643,269.03125,381.5398864746094,5.701846659183502,3082.591936779907,4.502337855023086,-589797.0745875989,288.368214017338,2740.4775390625,2200.0,334855.65625,0.0
0.7657365202903748,28914.1484375,0.8122816681861877,0.9743009805679321,3116.77668706642,116.22000010823831,41.71029532275939,274.8086281476791,274.8087158203125,383.44669342041016,6.0121031403541565,3209.558645743644,4.449099738719667,-589509.2008596448,288.60304471787947,2735.18310546875,2200.0,339501.0625,0.0
0.753423810005188,29695.052734375,0.8318454623222351,0.9478462338447571,3245.6806268896908,119.34000011114404,40.85596862147059,280.761286314701,280.7613830566406,385.3513641357422,6.7086769342422485,3334.8268423257396,4.364137215586709,-589207.1093744487,288.81494631529256,2729.74365234375,2200.0,344416.15625,0.0
0.7412861585617065,30276.25390625,0.8490061163902283,1.0447793006896973,3374.582214316586,122.48000011406839,42.27394254414943,285.8070608754736,285.8071594238281,385.33447265625,7.487928926944733,3470.1423655599356,4.521229685751507,-588962.195731664,289.2362506831638,2724.19287109375,2200.0,348292.25,0.0
0.7287442088127136,30762.185546875,0.8653220534324646,1.0204463005065918,3509.685370778898,125.60000011697412,43.99864165788952,290.560027892655,290.5601501464844,385.02134704589844,7.306170463562012,3613.3281915336847,4.711447288851787,-588731.0497663557,289.68666210495155,2718.5888671875,2200.0,351621.125,0.0
0.7154618501663208,30981.1171875,0.8789300322532654,1.0556490421295166,3654.946891331696,128.82000011997297,47.09291300806775,294.2863572832198,294.2864685058594,382.73767852783203,7.141712307929993,3773.806439973763,5.048199022328333,-588559.8381989169,290.25403389214864,2712.8330078125,2200.0,353584.0625,0.0
0.7028781771659851,31943.97265625,0.9025945663452148,0.8699926137924194,3794.5234093909385,131.9400001228787,42.17068823760189,301.48746040271,301.4875793457031,385.78369140625,5.979815162718296,3890.004784459248,4.5285628985249105,-588147.1593240038,290.10224852368077,2707.123046875,2200.0,359764.96875,0.0
0.6917914748191833,32703.869140625,0.923287570476532,1.0601072311401367,3919.257627360872,135.14000012585893,38.11963682179758,307.4870275925873,307.4871520996094,386.2648010253906,7.603348195552826,3997.394341468811,4.099725020733331,-587801.9264382224,289.98834928686495,2701.196044921875,2200.0,365104.96875,0.0
0.6815292835235596,32675.62890625,0.9319673180580139,1.0121155977249146,4036.290376450517,138.26000012876466,38.444763653578896,309.659599340939,309.65972900390625,383.2140655517578,7.453140884637833,4115.8270435913,4.1378891580502,-587684.1070495048,290.1909456432355,2695.41357421875,2200.0,365770.9375,0.0
0.6710475087165833,32273.30859375,0.9357273578643799,1.0163965225219727,4157.369833163568,141.36000013165176,40.29592521035878,310.1415492567373,310.14166259765625,377.724365234375,7.088877707719803,4244.791536477045,4.3391897074371855,-587664.6946690289,290.49553308734664,2689.637939453125,2200.0,364449.125,0.0
0.6600978374481201,31753.66015625,0.9382665157318115,1.004673719406128,4285.510539095267,144.48000013455749,41.98890339897699,310.1755578186662,310.1756896972656,371.51302337646484,6.753839910030365,4380.472094917321,4.5234058799075,-587667.4667012601,290.7722790078705,2683.853515625,2200.0,362568.8125,0.0
0.6482413411140442,31123.783203125,0.9399651288986206,0.9801076650619507,4426.216180656338,147.78000013763085,43.275927616618176,309.87935624057945,309.8794860839844,364.5367431640625,7.519639879465103,4527.129786050995,4.663983422975662,-587684.2146526584,291.0033082064145,2677.77294921875,2200.0,360185.0,0.0
0.636558473110199,30530.515625,0.9421409368515015,0.9633057713508606,4566.897498549661,150.98000014061108,44.051021780663824,309.71534026981874,309.7154846191406,357.7581100463867,7.8388098776340485,4671.504423557199,4.7496211659207574,-587690.5422853767,291.18507373973114,2671.87646484375,2200.0,358108.125,0.0
0.6249738335609436,29966.087890625,0.9446930289268494,0.9489928483963013,4708.444130704622,154.18000014359131,44.349487261673794,309.6698445987992,309.66998291015625,351.18932342529297,7.733770191669464,4814.523487745319,4.7840657240610085,-587687.0665856148,291.3215403713803,2666.049072265625,2200.0,356270.75,0.0
0.6136627197265625,29326.802734375,0.9460251927375793,1.0367826223373413,4848.681476533529,157.36000014655292,44.871724229202684,309.1592913612878,309.159423828125,343.7382125854492,8.109375346451998,4957.315391612006,4.842260270369195,-587709.931346608,291.46326374881596,2660.32373046875,2200.0,354122.21875,0.0
0.602060079574585,28518.150390625,0.9448007941246033,1.0877645015716553,4994.684454404283,160.6000001495704,46.14332694290847,307.7907564580545,307.7908935546875,335.3661346435547,8.283401370048523,5109.590177206555,4.980691894961296,-587783.6272935213,291.65642965734,2654.493896484375,2200.0,351065.5625,0.0
0.5900581479072571,27648.384765625,0.9425638914108276,1.0135769844055176,5148.046682942309,163.86000015260652,47.40177658619573,306.12744961807476,306.1275939941406,327.1145553588867,7.690834283828735,5269.331360359909,5.1176400074413095,-587872.3075043566,291.8428784650525,2648.651611328125,2200.0,347732.40625,0.0
0.5783537030220032,26845.267578125,0.9411143660545349,1.0239392518997192,5299.955202877405,167.06000015558675,48.30012841372633,304.68558045048394,304.68572998046875,318.85231018066406,8.71374569251202,5425.912470263662,5.215962375121137,-587946.814294041,291.9983769127865,2643.03662109375,2200.0,344959.3125,0.0
0.5664911866188049,25990.529296875,0.9386208057403564,0.9778940081596375,5456.3590346998535,170.22000015852973,49.65387048251989,302.918482425879,302.91864013671875,310.6807327270508,8.54597719758749,5589.503227691748,5.363278007320616,-588041.3156582807,292.19382577883835,2637.470947265625,2200.0,341944.03125,0.0
0.5545281767845154,25199.8671875,0.9372782111167908,0.9478269815444946,5616.624981929199,173.4400001615286,50.26568973349355,301.4755525619983,301.4757080078125,302.6980972290039,8.858452171087265,5753.109902222874,5.430939798279724,-588112.6292770046,292.3257905440681,2631.9130859375,2200.0,339512.53125,0.0
0.5423399806022644,24287.51171875,0.9337016344070435,0.9518232345581055,5782.6330129647395,176.7000001645647,51.42173477502275,299.2750189565249,299.2751770019531,293.88321685791016,9.366775512695312,5925.49203880236,5.556795525210191,-588227.6621494965,292.4916054163268,2626.296875,2200.0,336391.75,0.0
0.5301762223243713,23490.626953125,0.9320955276489258,0.967394232749939,5951.09865822678,180.00000016763806,51.36208164395772,297.68157257264744,297.6817321777344,285.52547454833984,8.370742797851562,6093.669803350465,5.552037665211856,-588300.4935862634,292.55328595424777,2620.6513671875,2200.0,334147.625,0.0
0.5181519985198975,22780.095703125,0.9317798018455505,0.9382204413414001,6120.468924841145,183.32000017073005,50.80554731826342,296.52679545080343,296.5269470214844,277.9594497680664,8.600637644529343,6260.021992651396,5.4940286985089415,-588345.9759391367,292.5795078239161,2615.008544921875,2200.0,332512.46875,0.0
0.5067799687385559,22147.169921875,0.932222843170166,0.9093719124794006,6283.329067146173,186.5400001737289,49.688602451151006,295.64064881417704,295.64080810546875,271.06334686279297,9.591101706027985,6416.870512209949,5.375520795771308,-588373.3483097906,292.5512373973562,2609.526123046875,2200.0,331340.4375,0.0
0.49582722783088684,21719.76953125,0.936379075050354,0.8494486808776855,6442.69959839806,189.84000017680228,47.046077274402144,295.99008893427447,295.9902648925781,265.7828369140625,8.85351100564003,6562.4930874573765,5.0929313869967245,-588324.7389061273,292.40403430332697,2603.986328125,2200.0,331622.9375,0.0
0.48601025342941284,21249.271484375,0.9385669827461243,1.0009723901748657,6587.74510498764,193.00000017974526,45.48748206508264,295.708668213729,295.7088623046875,259.3706283569336,9.634537026286125,6699.786048790556,4.92652929274027,-588318.923258216,292.33739739987504,2598.64208984375,2200.0,331397.78125,0.0
0.47620612382888794,20775.5703125,0.940811276435852,1.0928078889846802,6734.7430168278515,196.30000018281862,45.252258522328106,295.3885939348019,295.3887939453125,253.07154846191406,10.974453583359718,6845.678289308096,4.903264698852922,-588325.5182076803,292.41125210322,2593.056640625,2200.0,331248.3125,0.0
0.4664851129055023,20204.943359375,0.940443217754364,1.0505305528640747,6882.643458830076,199.58000018587336,45.60071495702568,294.3232968755064,294.323486328125,246.8556900024414,11.740447640419006,6995.329661032301,4.942599710152365,-588374.7898295622,292.52057953984496,2587.522216796875,2200.0,330197.25,0.0
0.4567856192588806,19601.71484375,0.9389464855194092,0.9673083424568176,7032.394392987946,202.84000018890947,45.78884507293367,292.95810852608935,292.95831298828125,240.94745635986328,11.507321834564209,7146.0436780973105,4.964363683996282,-588438.3425925489,292.60312360094645,2582.049560546875,2200.0,328771.21875,0.0
0.4470333158969879,19012.5078125,0.9377875924110413,0.9204862713813782,7185.215962847811,206.16000019200146,45.84492087343586,291.6516608140946,291.65185546875,234.95745849609375,8.926905512809753,7299.178000894492,4.971937021197164,-588497.2244374286,292.6764267608583,2576.4990234375,2200.0,327499.4375,0.0
0.4375441372394562,18416.658203125,0.9359902739524841,0.9449425339698792,7336.15967046842,209.4400001950562,46.30894778540949,290.14104062462843,290.1412353515625,228.571533203125,10.844191774725914,7452.469652624452,5.023533025943777,-588569.9425780786,292.78421711505723,2571.033203125,2200.0,326052.3125,0.0
0.42817068099975586,18157.5390625,0.9417454600334167,0.6592841744422913,7487.428551783203,212.74000019812956,43.596338654446086,291.2290679656346,291.2292785644531,226.7540740966797,7.922680377960205,7590.588597565191,4.7327723044454615,-588485.1056179814,292.64897150082817,2565.54833984375,2200.0,327234.875,0.0
0.4197196662425995,17830.48828125,0.9462856650352478,0.9447217583656311,7625.764803873375,216.12000020127743,40.94750232489701,291.4852904335713,291.4855041503906,220.21773529052734,10.519579395651817,7716.820945377694,4.447675511044338,-588444.9605248874,292.4799437293926,2559.87939453125,2200.0,328174.53125,0.0
0.4118802547454834,17560.07421875,0.9507699608802795,0.9446843266487122,7755.789922643104,219.4200002043508,38.5277715268749,292.006393392708,292.0066223144531,216.12647247314453,10.184486865997314,7836.448272458627,4.1872054982596865,-588394.5043820052,292.3381442740069,2554.34619140625,2200.0,329087.875,0.0
0.4043765962123871,17266.609375,0.9539764523506165,0.8881213068962097,7881.823073864216,222.76000020746142,36.543014895265195,292.23026675154574,292.2304992675781,212.55973052978516,11.306156873703003,7954.421287241159,3.9734568784115254,-588363.2817127061,292.2285058102226,2548.741943359375,2200.0,329559.46875,0.0
0.3972376585006714,16895.47265625,0.9545461535453796,0.8691400289535522,8003.211327492376,226.10000021057203,35.687606509076545,291.65849409939096,291.6587219238281,208.5067901611328,11.061832040548325,8072.473326644278,3.881716075475822,-588380.6123192582,292.2070564614327,2543.13671875,2200.0,329137.9375,0.0
0.39035773277282715,16498.572265625,0.954052209854126,0.9045609831809998,8121.583521662047,229.44000021368265,35.3216846704787,290.7411224831639,290.7413635253906,203.9715576171875,11.173408890143037,8189.4496743880445,3.842887383896766,-588418.853698548,292.22317929270986,2537.537109375,2200.0,328369.4375,0.0
0.38371041417121887,16198.9384765625,0.9559480547904968,0.9160335063934326,8237.254077777965,232.78000021679327,34.17985107158238,290.5735971004141,290.5738220214844,200.1514892578125,11.460857778787613,8300.827599557,3.7200684999663167,-588414.3089566694,292.18127270742394,2531.94287109375,2200.0,328439.5,0.0
0.3768964111804962,15613.2216796875,0.9499027132987976,1.1075066328048706,8357.256094624521,236.2800002200529,35.95951665152934,287.8391842716854,287.83941650390625,193.00772094726562,13.828184075653553,8427.616934011225,3.9134841977805763,-588558.1611404003,292.36277831517054,2526.09326171875,2200.0,325757.5,0.0
0.3698514699935913,15029.43359375,0.9431347846984863,1.0454084873199463,8482.830936675891,239.66000022320077,38.46478978150921,285.0836252492686,285.0838623046875,188.00222396850586,13.369894270930672,8563.331646911218,4.18586418273577,-588707.5647286059,292.62560340614897,2520.50634765625,2200.0,322748.71875,0.0
0.36259713768959045,14497.9462890625,0.9382749199867249,1.0672836303710938,8613.755903700949,243.00000022631139,40.58923143641829,282.78456419739837,282.7847900390625,182.1895637512207,14.55533441901207,8703.397063102224,4.417205008426322,-588831.5313790531,292.86818125065304,2515.02587890625,2200.0,320388.125,0.0
0.35494086146354675,14008.8759765625,0.9348083138465881,0.9831003546714783,8753.76224007865,246.36000022944063,42.28163085158177,280.95597167632553,280.9562072753906,177.63597869873047,13.146773219108582,8851.048613372259,4.602067498699682,-588928.7283460554,293.0882622370808,2509.5576171875,2200.0,318432.78125,0.0
0.3460332751274109,13507.3720703125,0.9310364723205566,0.9531233906745911,8899.724930166383,249.7400002325885,43.74581652461207,279.409456503194,279.4096984863281,172.4035530090332,12.881726503372192,9003.888359731995,4.762478702148428,-589009.7388400204,293.298814435424,2504.08984375,2200.0,316231.71875,0.0
0.3364332914352417,13148.7763671875,0.9317723512649536,0.8369594216346741,9048.029926477699,253.12000023573637,43.28220642475582,279.5810854628885,279.5813293457031,168.66533660888672,13.69278633594513,9150.052258452633,4.7145435433351395,-588990.0738849088,293.36664855243015,2498.65185546875,2200.0,315449.53125,0.0
0.32752296328544617,12938.4521484375,0.9373884797096252,0.9016739130020142,9189.486897858675,256.50000023888424,41.051242411478945,281.08319239554555,281.08343505859375,164.39595413208008,12.434895098209381,9281.333148163627,4.474933025570351,-588890.9056788408,293.28794602165397,2493.20263671875,2200.0,316383.90625,0.0
0.3191852867603302,12686.736328125,0.941096305847168,1.025317668914795,9325.411254566978,259.90000024205074,39.673900363623495,281.9474105694934,281.9476623535156,159.1720848083496,15.442389756441116,9411.25148344587,4.32748903617221,-588830.4359802419,293.27346046700563,2487.71044921875,2200.0,316681.65625,0.0
0.31107795238494873,12322.5009765625,0.9394710063934326,0.8846125602722168,9461.076625799062,263.30000024521723,39.818637713488265,281.4682448424964,281.468505859375,156.2408103942871,13.285325944423676,9547.577057453338,4.344922497465802,-588848.578745,293.3734377441558,2482.237548828125,2200.0,315086.09375,0.0
0.3032185137271881,11980.73828125,0.9388942122459412,0.9311169385910034,9596.031771609676,266.72000024840236,39.87847849865913,281.11144390954115,281.1117248535156,151.28589248657227,14.710196271538734,9682.826856269734,4.353181486009419,-588860.1519568672,293.4680860477346,2476.74755859375,2200.0,313865.3125,0.0
0.29524892568588257,11449.97265625,0.9308744072914124,1.0350980758666992,9736.573426780407,270.1600002516061,42.59531468934766,278.49835204827883,278.4986267089844,144.73287963867188,14.936228275299072,9835.59766216809,4.649783622114512,-589004.1909927365,293.77078773650726,2471.269287109375,2200.0,310068.6875,0.0
0.2873445153236389,11092.2509765625,0.9289553165435791,0.956217885017395,9879.75042218389,273.4800002546981,43.45889019541422,277.85802685762405,277.8583068847656,141.09662246704102,15.913414776325226,9982.868246461381,4.745796719678651,-589035.4055662783,293.94787549801333,2466.038818359375,2200.0,308260.375,0.0
0.2794117033481598,10776.736328125,0.9291247725486755,0.978689968585968,10027.46515383711,276.8800002578646,43.61300082599842,277.7383768058266,277.7386474609375,136.5203857421875,15.32714980840683,10131.365171332727,4.764900650390246,-589035.3305691804,294.0707801880185,2460.7041015625,2200.0,307110.28125,0.0
0.2716825604438782,10494.4453125,0.9300293326377869,0.9252410531044006,10175.487843978684,280.26000026101246,43.4459522578635,277.94789822186715,277.94818115234375,133.72896575927734,15.621521949768066,10278.64891265938,4.749200806898386,-589016.300293884,294.17129146424435,2455.42529296875,2200.0,306150.78125,0.0
0.2645021975040436,10358.1748046875,0.936679482460022,0.8420326709747314,10316.785826011444,283.6200002641417,41.1098808412015,279.86044240889623,279.8607482910156,131.6655731201172,14.492503583431244,10409.228433007258,4.497565336018283,-588895.0746860339,294.09563322154594,2450.169189453125,2200.0,307129.09375,0.0
0.25780874490737915,10255.8349609375,0.944465160369873,0.8200857639312744,10451.980366840144,287.04000026732683,38.27901811240112,282.0663029467007,282.0666198730469,129.2909812927246,14.077368786558509,10532.1996340357,4.191471927307134,-588756.6353394552,293.9722676288233,2444.79931640625,2200.0,308500.1875,0.0
0.2517898976802826,10122.3896484375,0.9502750039100647,0.9294511675834656,10576.56614815828,290.44000027049333,35.95419074974858,283.5547280245722,283.5550537109375,125.4965705871582,15.126042485237122,10647.387134679127,3.93966163473425,-588659.3641708444,293.8689957431835,2439.436279296875,2200.0,309300.21875,0.0
0.2460326999425888,9940.2158203125,0.9527543187141418,0.834674060344696,10698.524609061074,293.8800002736971,34.11338252956268,284.2601582562317,284.2604675292969,123.70887756347656,16.644761204719543,10762.314908461063,3.7400265567033557,-588605.3828739426,293.7874698983469,2434.02099609375,2200.0,308957.3125,0.0
0.24088574945926666,10038.904296875,0.9666764736175537,0.6152858734130859,10809.868848475511,297.3000002768822,28.20299537296251,288.70355017635785,288.703857421875,126.49052810668945,5.219799995422363,10853.521906521171,3.0957050552555643,-588339.794351599,293.39268945029687,2428.623291015625,2200.0,312360.65625,0.0
0.2380291223526001,11158.21484375,1.0250154733657837,0.6236621737480164,10872.324052102398,300.9200002802536,6.39840966814695,306.1941206313664,306.1944580078125,132.91489791870117,4.933068871498108,10874.578432920272,0.704669934446656,-587355.04501997,291.7054949911936,2422.693359375,2200.0,330552.6875,0.0
0.2388596385717392,12644.3046875,1.089271068572998,0.6048609614372253,10853.550910059945,304.540000283625,-16.21486358886361,325.37984669725864,325.3801574707031,141.42864608764648,5.199100125581026,10868.077043055673,581.6362326513896,-586330.2596026128,289.92225646055476,2416.399658203125,2200.0,351149.5,0.0
0.2437124252319336,14470.8046875,1.1535148620605469,0.6039574146270752,10747.183013557922,308.4800002872944,-36.82150261361544,344.6054068301423,344.6057434082031,152.4171600341797,6.816609442234039,10822.316468366305,580.6744246676412,-585337.4336789236,288.2966530242064,2409.12646484375,2200.0,372314.15625,0.0
0.25151488184928894,16572.296875,1.2148921489715576,0.6551185846328735,10580.718026229879,312.08000029064715,-54.58792107713506,363.014624440869,363.01495361328125,165.07839584350586,7.859175093472004,10746.293349746848,579.9031588124601,-584395.633137609,286.9181263330578,2402.09912109375,2200.0,392861.6875,0.0
0.2618255913257599,18561.123046875,1.259684681892395,0.7376583218574524,10368.631761522964,315.6000002939254,-65.23779175642854,376.5396221873286,376.5399475097656,177.8456802368164,7.921799719333649,10605.530204699957,579.5004567722192,-583689.2441940872,286.11846462350354,2394.903076171875,2200.0,408632.6875,0.0
0.27421143651008606,20538.419921875,1.2944004535675049,0.9032477140426636,10124.723983569886,319.1400002972223,-71.23026391275211,387.0395575420015,387.0398864746094,190.75571823120117,9.42642030119896,10407.473560099606,579.3492811183744,-583116.9242571931,285.70453021187313,2387.402099609375,2200.0,421600.65625,0.0
0.28790655732154846,22297.197265625,1.3153491020202637,0.9825320839881897,9867.689079508651,322.7200003005564,-72.02839977308993,393.5627533978507,393.5631103515625,203.5284423828125,10.171349436044693,10156.943040990853,579.4470025978728,-582730.8237802207,285.7070528460158,2379.623779296875,2200.0,430566.75,0.0
0.30175942182540894,23939.703125,1.3293575048446655,0.8304361701011658,9619.96641902998,326.22000030381605,-70.67421568374613,398.3305150262041,398.33087158203125,217.19847869873047,6.697633385658264,9898.498586166068,579.6590052124349,-582427.941329905,285.88784833048214,2371.8876953125,2200.0,437266.125,0.0
0.3168979287147522,26702.0,1.368875503540039,0.833682656288147,9361.889398616273,329.7200003070757,-76.22976321741417,410.51290357057474,410.5132751464844,234.9105987548828,7.31012687087059,9686.443883200292,579.7229241601494,-581719.5695822551,285.6031474293312,2363.958984375,2200.0,451135.78125,0.0
0.3344425857067108,29229.611328125,1.3944640159606934,1.3807824850082397,9078.038597478648,333.3800003104843,-74.23156945499812,418.08572907104224,418.0860900878906,250.69170379638672,10.172926992177963,9386.02468559402,580.2263047366998,-581215.5617297667,285.9634847057183,2355.410400390625,2200.0,461532.84375,0.0
0.3509749174118042,31890.59765625,1.4184151887893677,0.8287249803543091,8823.908707774244,336.88000031374395,-72.6810274036817,426.29270880436434,426.2930908203125,270.9942626953125,6.10196390748024,9119.451681454433,580.7893923193878,-580666.0783113721,286.32775828673493,2347.104736328125,2200.0,471090.59375,0.0
0.3652137219905853,34660.16015625,1.4425132274627686,0.9702813625335693,8565.963994902559,340.4000003170222,-70.70409801566872,435.66870186752067,435.6690979003906,287.63512420654297,7.1659016609191895,8846.001449230243,581.5172246622178,-580025.219680334,286.79732925464305,2338.4951171875,2200.0,480570.6875,0.0
0.37890928983688354,37336.78125,1.462449073791504,1.063707947731018,8321.767066381057,343.9400003203191,-66.17831550370856,443.93094462138174,443.93133544921875,303.83223724365234,7.319089367985725,8567.382393332664,582.4683820809905,-579424.8992262512,287.5222920315265,2329.738525390625,2200.0,488724.34375,0.0
0.39156389236450195,39793.2109375,1.478351354598999,1.1392089128494263,8101.296545008663,347.46000032359734,-59.296032353301996,450.8351761885504,450.8355712890625,318.7310028076172,7.325878050178289,8298.674933495233,583.6054754998111,-578892.159464743,288.47369587997014,2320.95263671875,2200.0,495500.15625,0.0
0.4029783010482788,42225.62109375,1.4939860105514526,0.9762541651725769,7906.492948830943,351.0000003268942,-51.893501648109684,457.78525877545144,457.7856750488281,334.08921813964844,5.656221471726894,8057.830248564598,584.850992395985,-578352.4196251197,289.5089577293983,2311.95654296875,2200.0,502010.125,0.0
0.41393783688545227,46112.94140625,1.5340479612350464,0.9428970813751221,7722.779119683662,354.5200003301725,-51.6607365598723,472.01789535923297,472.018310546875,353.9673156738281,5.157714730128646,7873.175436289632,586.0272315590194,-577339.2918144476,290.1021543491712,2302.76318359375,2200.0,516654.65625,0.0
0.42460158467292786,49688.90625,1.5670802593231201,1.1018643379211426,7547.261782482034,358.1000003335066,-46.776805457226104,483.7862656093735,483.78668212890625,371.5429458618164,5.811032697558403,7670.853861709707,587.5333335583261,-576449.7478557584,291.12432897004817,2293.298583984375,2200.0,524593.75,0.0
0.4340917766094208,52903.66015625,1.5941797494888306,1.1945854425430298,7393.66766357678,361.68000033684075,-38.99490409957418,493.70406508611796,493.7044982910156,387.511962890625,6.394301533699036,7479.733026111382,589.2363286902898,-575667.6669910314,292.4109718977346,2283.67578125,2200.0,529745.1875,0.0
0.4417385458946228,55657.1484375,1.616743803024292,1.2265490293502808,7271.687288707239,365.22000034013763,-29.282756104760438,501.9869777348574,501.9873962402344,400.97654724121094,6.016336022177711,7320.306089146528,591.0506943239844,-574996.9846043538,293.86498288335304,2274.020751953125,2200.0,533983.625,0.0
0.4471108913421631,57902.515625,1.6362372636795044,1.2583824396133423,7187.003011137131,368.8200003434904,-17.789005926236904,508.9272622723258,508.9277038574219,411.4452667236328,5.922111317515373,7204.9735832029255,592.9907872237793,-574427.967402881,295.48517743518903,2264.240234375,2200.0,537537.375,0.0
0.44972777366638184,59531.51953125,1.6529364585876465,1.288433313369751,7146.231685366132,372.4000003468245,-4.855160249408472,514.5330258612213,514.533447265625,418.38580322265625,6.038318283855915,7147.572139518568,595.0213770793847,-573971.944195589,297.2345997909222,2254.401123046875,2200.0,540422.6875,0.0
0.449295312166214,60530.2578125,1.667901635169983,1.3056235313415527,7153.442087269039,375.96000035014004,8.954873252587657,519.080784656723,519.0812377929688,421.66709899902344,5.97883415594697,7158.007548484253,1.019662034446128,-573616.9118220379,299.0642994753878,2244.56982421875,2200.0,542794.375,0.0
0.4455016255378723,60948.625,1.6830240488052368,1.3139660358428955,7213.65710660012,379.6400003535673,23.751800047208604,523.0845966819118,523.0850219726562,421.3204803466797,5.995761666446924,7245.813888277742,2.707779891103428,-573329.1202486296,301.017502426183,2234.36474609375,2200.0,544937.0,0.0
0.43856868147850037,62096.8984375,1.7153140306472778,1.0443774461746216,7324.1344889353495,383.32000035699457,32.825312104371214,532.1459701309989,532.1464233398438,422.71180725097656,3.9679744839668274,7385.719229999115,3.7523923103253765,-572628.0171657645,302.65595671136145,2224.112060546875,2200.0,549483.625,0.0
0.4304715394973755,63939.3125,1.7619895935058594,1.1546987295150757,7454.578385047149,386.94000036036596,38.96413943032861,545.0375142971865,545.0379638671875,424.7828369140625,4.81507789157331,7541.688107660506,4.471479844631119,-571591.2473167457,304.2179200698322,2213.91162109375,2200.0,556018.3125,0.0
0.4213428199291229,66561.4140625,1.8225897550582886,1.1175410747528076,7603.584574026638,390.56000036373734,42.64955537543705,562.0929526349403,562.0933837890625,428.9781036376953,4.2626748671755195,7708.496476409957,4.919986979898056,-570164.5119109893,305.7937748972933,2203.51904296875,2200.0,564134.4375,0.0
0.41168004274368286,69386.46875,1.8891016244888306,1.135010004043579,7763.704525888548,394.18000036710873,46.581775584410245,580.593476928938,580.5939331054688,432.8432159423828,4.06059955060482,7889.580151908798,5.404853746133938,-568571.7013237827,307.5352358277129,2193.087158203125,2200.0,572417.1875,0.0
0.4006279408931732,72181.390625,1.9611732959747314,1.1690572500228882,7949.98320622358,397.96000037062913,52.0310100695963,600.2839098469864,600.2843627929688,435.3767547607422,4.096989288926125,8108.035345415585,6.075801512436726,-566832.1375194878,309.59523378580036,2181.975830078125,2200.0,580480.0625,0.0
0.38882777094841003,74567.03125,2.0323398113250732,1.184482216835022,8152.684188746847,401.6400003740564,58.41540186707034,619.3119484184607,619.3123779296875,435.84820556640625,4.2385401809588075,8353.179423265043,6.865173183300897,-565107.1747056228,311.7843729088637,2171.017578125,2200.0,587392.8125,0.0
0.37597477436065674,76412.2421875,2.1023972034454346,1.1072653532028198,8378.120073781582,405.2800003774464,65.0310459082726,637.5537598691716,637.55419921875,433.8119812011719,5.622811555862427,8628.190972993383,7.6918020926053146,-563406.8356256246,314.0166487521533,2160.060791015625,2200.0,593062.5,0.0
0.3621731698513031,78088.8515625,2.1779582500457764,1.3539999723434448,8625.814327815548,408.9600003808737,69.9937712740715,656.6758602910247,656.6763305664062,429.8291931152344,4.387586414813995,8917.525518031092,8.336588925531714,-561554.921578174,316.1875665642211,2148.824462890625,2200.0,598018.625,0.0
0.3465791642665863,79288.546875,2.251343250274658,1.1136151552200317,8894.97898486338,412.6200003842823,76.27974320410362,676.4234819359704,676.4240112304688,424.74024963378906,2.295322000980377,9244.004683043458,9.152826838767112,-559595.1995391714,318.63603568617685,2137.687255859375,2200.0,602289.0625,0.0
0.32833096385002136,81098.6171875,2.342250347137451,1.145015835762024,9179.980967702926,416.3200003877282,76.31874437333178,702.8545651285509,702.8551025390625,417.7196502685547,3.7625896632671356,9532.916157994885,9.250627548335899,-556794.1759906558,320.9444597237609,2126.216064453125,2200.0,607389.0625,0.0
0.30983173847198486,82166.390625,2.430178642272949,1.2314313650131226,9485.689482110785,420.34000039147213,80.66559986774176,728.2807402443542,728.2813110351562,408.0294952392578,3.954524517059326,9883.974227698753,9.876934340121977,-554036.7884135534,323.7999185245296,2113.775390625,2200.0,611714.0,0.0
0.2915468215942383,82257.8203125,2.50846529006958,1.133154034614563,9806.46523247729,424.12000039499253,86.11938157417647,751.1887743606605,751.1893310546875,396.3258514404297,3.5823684334754944,10264.76923234621,10.645893287901686,-551472.80013107,326.6855414396528,2101.897216796875,2200.0,614727.75,0.0
0.2738354802131653,82578.5234375,2.5966289043426514,1.1582821607589722,10137.038051301264,427.90000039851293,89.41369076427564,776.6106954334869,776.6112670898438,384.65093994140625,3.2116082310676575,10636.48400727834,11.174343610130848,-548493.4485147927,329.6284462672647,2090.083740234375,2200.0,617609.1875,0.0
0.2563980221748352,83079.1015625,2.6943631172180176,1.152513861656189,10484.073903455981,431.7400004020892,90.80264936292572,805.0136175782793,805.0142211914062,373.39672088623047,2.932194486260414,11005.684135285788,11.491824650313333,-545003.0935755061,332.73432890860914,2077.96826171875,2200.0,619901.5,0.0
0.23999860882759094,83429.5,2.794245958328247,1.1495951414108276,10832.482176974183,435.56000040564686,92.11980681237809,833.8158036534285,833.8164672851562,361.8377380371094,3.307586871087551,11376.497058907524,11.814162783012023,-541313.3041396993,335.9990527518506,2065.881103515625,2200.0,621025.5625,0.0
0.22470474243164062,84584.609375,2.910053253173828,1.2529405355453491,11179.107170696487,439.32000040914863,87.6468271360239,867.6692793112019,867.6699829101562,352.73424530029297,2.354288697242737,11679.606082217419,11.4235677351042,-536707.4285702738,339.1775162074692,2053.976318359375,2200.0,620961.3125,0.0
0.2109348177909851,84858.953125,3.0126404762268066,1.1295369863510132,11511.866463591228,443.1400004127063,88.45349065260768,896.9936017030807,896.9943237304688,341.99781036376953,3.4924040883779526,12029.117391618318,11.698321451623997,-532595.0642930344,342.70754068862817,2041.8992919921875,2200.0,618871.375,0.0
0.19717654585838318,82125.0625,3.071049690246582,1.565416932106018,11866.741937301005,446.96000041626394,102.14061935795019,912.6933197735751,912.6940307617188,324.0174255371094,5.601997494697571,12562.20987418259,13.622349616015754,-530474.2537879616,346.57286902954434,2029.876953125,2200.0,615611.4375,0.0
0.18242748081684113,78596.296875,3.1257827281951904,1.2054259777069092,12275.14249731123,450.7200004197657,114.81360202002661,928.2619639910406,928.2627563476562,305.5803909301758,5.109050005674362,13161.483519484173,15.446112725594219,-528316.8744202708,350.41709541730637,2018.122314453125,2200.0,609956.5625,0.0
0.16756725311279297,75037.6171875,3.189683198928833,1.0560117959976196,12720.523309455835,454.4800004232675,123.68740466112484,946.3670107907756,946.3677978515625,286.490478515625,3.6159683391451836,13759.79732191679,16.813035174280685,-525664.4001622607,354.17188259680086,2006.521240234375,2200.0,599690.3125,0.0
0.15296228229999542,71332.703125,3.2596962451934814,1.0753856897354126,13197.481372281327,458.24000042676926,129.89993411583805,965.7546252884708,965.7554321289062,266.5535430908203,4.627642825245857,14356.911229780293,17.86074808741023,-522687.2123901271,357.8516146755144,1995.10205078125,2200.0,584839.375,0.0
0.1385899931192398,66483.109375,3.3103058338165283,1.0598673820495605,13711.905348743196,462.10000043036416,139.04111422737972,979.4997825703282,979.5006713867188,244.66039276123047,5.523616898804903,15051.872581291362,19.28634161554652,-520577.190408361,361.3474917556406,1983.8323974609375,2200.0,565873.6875,0.0
0.12394248694181442,60808.63671875,3.3511998653411865,0.987925112247467,14291.161274039303,466.1200004341081,148.66930316946147,990.5744926978647,990.5753784179688,221.2759017944336,5.609892413020134,15834.865920533775,20.781701366050754,-518854.56564112357,364.6957208101789,1972.47607421875,2200.0,541618.5,0.0
0.11088035255670547,55481.9296875,3.3870465755462646,0.9168405532836914,14866.203659500112,469.9000004376285,155.21488495260792,1000.3755609790578,1000.37646484375,199.90360260009766,5.044575095176697,16560.921392950695,21.8539874002185,-517245.0799328905,367.4981085486566,1962.299072265625,2200.0,510089.40625,0.0
0.09721744060516357,49528.515625,3.4197473526000977,0.7929335236549377,15543.00003964128,474.18000044161454,158.95867850048924,1009.4159110618814,1009.4168701171875,176.87481689453125,4.632762908935547,17333.592757781153,22.547401748917707,-515633.25224167394,369.9608741771242,1951.802001953125,2200.0,448268.75,0.0
0.08503946661949158,43906.7578125,3.441620111465454,0.6946609020233154,16224.514492062735,478.4600004456006,158.92561339564608,1016.1784618442622,1016.1795043945312,155.75264739990234,4.983255326747894,18025.862039586995,22.68757686940171,-514275.4652194313,371.6246422343947,1942.6607666015625,2200.0,390470.8125,0.0
0.07471925020217896,38741.29296875,3.4432132244110107,0.7041519284248352,16868.74146110576,482.560000449419,157.37110289487944,1018.3225011072531,1018.3235473632812,136.8783721923828,5.902113139629364,18641.76602763217,22.551105845165182,-513651.7855887243,372.41050194725767,1935.07177734375,2200.0,340591.34375,0.0
0.06512386351823807,33096.0703125,3.403484344482422,0.9129241704940796,17552.774781860993,486.88000045344234,160.63877522535358,1008.1674311471702,1008.1685791015625,117.24679183959961,9.44465359300375,19394.456643288373,22.948638119559973,-515199.78378239076,372.21618040356543,1928.0885009765625,2200.0,294733.0625,0.0
0.05696818605065346,28021.345703125,3.3417599201202393,0.7451668381690979,18220.372042317642,490.9400004572235,164.81622495298234,991.8426621841003,991.8438110351562,101.0465202331543,8.88924527168274,20146.517389673856,23.393790160318588,-517776.28905009595,371.3048758363792,1922.3734130859375,2200.0,255228.828125,0.0
0.049952127039432526,23849.73828125,3.2865357398986816,0.743898332118988,18879.980778688216,494.9600004609674,164.5668467106827,977.1905790193848,977.1917724609375,87.01294898986816,10.159659208729863,20790.279000258306,23.236403726700075,-519923.48001680494,370.0310274962218,1917.542724609375,2200.0,218824.453125,0.0
0.0439513623714447,20216.01953125,3.220104455947876,0.731694221496582,19527.52258782566,498.90000046463683,163.66586316167638,959.1269307006492,959.128173828125,74.94458770751953,11.465545684099197,21404.00978964835,22.9505449172799,-522560.8050804277,368.2443168409719,1913.4954833984375,2200.0,184721.515625,0.0
0.03871654346585274,18160.787109375,3.243102788925171,1.1371692419052124,20174.68348414835,502.78000046825036,173.19932068676758,968.5754889964234,968.5767822265625,66.02643013000488,15.204367399215698,22290.576169047737,24.45676260164379,-521130.70309578656,371.46893229398586,1880.036376953125,2163.18212890625,152791.328125,358111.21875
0.033692389726638794,16160.6259765625,3.273667812347412,1.1948765516281128,20887.709309285274,506.7400004719384,188.51109035395396,979.4394064689145,979.4407348632812,57.371341705322266,14.987401962280273,23413.166585052735,26.824632957049232,-519621.09824928374,375.79269145188545,1838.7843017578125,2116.150390625,122437.953125,358348.25
0.029010524973273277,14082.2001953125,3.2862377166748047,1.1201461553573608,21652.719889576314,510.62000047555193,205.25507013541795,985.3076303292589,985.3090209960938,49.54131317138672,16.208640694618225,24661.556039374555,29.358202396944705,-518972.8541898954,379.73785017144525,1798.9315185546875,2070.06884765625,95526.859375,358570.53125
0.024623550474643707,12086.14453125,3.297039270401001,1.0888922214508057,22488.129321572487,514.5400004792027,220.9806983603864,990.7930131537779,990.79443359375,41.96371936798096,20.741880178451538,25993.181606027763,31.77321223286208,-518365.423978649,383.5979848357787,1759.1734619140625,2023.51220703125,72024.5078125,358780.0625
0.020650021731853485,10248.7236328125,3.3069145679473877,1.0341075658798218,23387.626160676824,518.4800004828721,235.41246596528217,996.2974640231696,996.2988891601562,35.422096252441406,19.988772869110107,27386.612510030856,34.035837532088976,-517716.1555341451,387.38512063243076,1719.6429443359375,1976.7181396484375,52689.59375,358971.171875
0.01720764860510826,8673.4912109375,3.32476544380188,1.0513008832931519,24329.86339703831,522.4000004865229,246.27097093721505,1004.0389831907489,1004.0404052734375,28.94596576690674,19.571372270584106,28736.86771532835,35.86102569965294,-516552.00406297744,391.0898790167815,1681.283203125,1930.9263916015625,36950.4375,333998.0625
0.014235097914934158,7351.08154296875,3.355046033859253,0.9656102061271667,25327.012183113606,526.3800004902296,253.65339551525543,1016.2715230060394,1016.2730102539062,24.812630653381348,21.014349699020386,30049.29455677583,37.312920789976204,-514448.442422363,395.10061449480156,1642.46240234375,1884.24609375,26007.21484375,359282.46875
0.011674895882606506,6210.22216796875,3.385192394256592,0.9768310785293579,26354.995953026344,530.3800004939549,260.4596316462885,1031.4339520725252,1031.4354248046875,20.46654510498047,21.19260573387146,31394.195159963565,38.78132016787703,-511756.8818329136,399.60051693941506,1603.1497802734375,1836.7392578125,0.0,359404.3125
0.009526532143354416,5199.00537109375,3.401224136352539,0.9680421352386475,27388.58994849841,534.3000004976057,267.16005320681137,1044.7372499905407,1044.73876953125,16.620948791503906,24.155497789382935,32749.720157213043,40.22911366209024,-509331.50482792937,403.8956037233472,1565.0579833984375,1790.1826171875,0.0,359505.765625
0.007710007019340992,4340.033203125,3.4239137172698975,0.9618074893951416,28461.12650469737,538.2600005012937,273.4122101349829,1061.044248949621,1061.0457763671875,14.014314651489258,20.0669207572937,34151.18780583923,41.72605475292772,-506269.45434719994,408.76348547959515,1526.5775146484375,1743.15087890625,0.0,359592.90625
0.006232082843780518,3624.41259765625,3.449526309967041,1.0032947063446045,29551.347065160284,542.2000005049631,280.76338973464647,1078.4910654958887,1078.49267578125,11.27405071258545,20.830900132656097,35637.19049048645,43.46620945460239,-502963.4053237647,414.1342177676199,1488.2913818359375,1696.3568115234375,0.0,359664.96875
0.005018518306314945,3055.11865234375,3.496058940887451,1.0300263166427612,30686.940196070005,546.220000508707,283.434360704748,1103.4194630500508,1103.421142578125,9.607464075088501,17.627310633659363,37013.90273152955,44.76528069542826,-497850.9297388034,420.368607699262,1449.2279052734375,1648.6123046875,0.0,359725.125
0.004074857570230961,2602.43310546875,3.548255205154419,1.058525800704956,31814.695093023824,550.180000512395,286.1163437151027,1130.1808014117485,1130.1824951171875,7.954579830169678,17.074236676096916,38403.665008261334,46.1849820162584,-492171.4075257266,427.18952381236244,1410.747314453125,1601.5806884765625,0.0,359772.6875
0.003315979614853859,2221.893310546875,3.6015164852142334,1.0846375226974487,32961.6254683201,554.1600005161017,290.6982785212654,1157.630732295854,1157.6324462890625,6.557925462722778,19.476217567920685,39920.43839914305,48.01336856227681,-486207.5913675105,434.76130217298106,1372.072509765625,1554.3115234375,0.0,359811.5625
0.0026959802489727736,1901.2047119140625,3.661851644515991,1.1181385517120361,34114.23729930713,558.1000005197711,294.0597948069672,1187.6007169780605,1187.6024169921875,5.543538689613342,15.983144521713257,41420.01439052832,49.834891981004546,-479366.28895013686,443.02040784718866,1333.786376953125,1507.5172119140625,0.0,359844.03125
0.002183122793212533,1623.3643798828125,3.7276546955108643,1.1486632823944092,35285.97454987629,562.0400005234405,297.7155660941742,1219.5041671083966,1219.505859375,4.620047569274902,16.313163835555315,42988.90920952568,51.90304200040924,-471773.9917014011,452.19997011957184,1295.305908203125,1460.485595703125,0.0,359871.5
0.0017693850677460432,1389.1458740234375,3.7986056804656982,1.1749857664108276,36465.55524511635,566.0000005271286,301.2685517022716,1253.07515471037,1253.076904296875,3.84176242351532,16.2132910490036,44600.692990190466,54.17296794971173,-463400.28311883414,462.2694197768073,1257.019775390625,1413.69140625,0.0,359894.09375
0.0014193103415891528,1181.5850830078125,3.879079580307007,1.2047752141952515,37733.43498454045,570.1600005310029,305.40240074001997,1290.3519829613285,1290.353759765625,3.178351879119873,16.332388818264008,46398.060476992745,56.922689332273876,-453640.6703391506,474.1085434311659,1216.4014892578125,1364.0467529296875,0.0,359913.625
0.0011699324240908027,1027.878173828125,3.9814209938049316,1.2219871282577515,38961.935838085716,574.1600005347282,312.9150421713345,1325.57657310339,1325.578369140625,0.0,22.482794284820557,48384.221114353044,60.4231123363943,-444136.0207713032,486.71225519952185,1177.7265625,1316.777587890625,0.0,359928.65625
0.0009651925065554678,892.1717529296875,4.084012031555176,1.2435790300369263,40236.970544788404,578.1600005384535,325.2329006187534,1359.6641959040744,1359.666015625,0.0,25.01898772455752,50782.462455093395,65.08111710400561,-434769.242852874,500.758401326901,1138.857421875,1269.270751953125,0.0,359941.125
0.0007934156456030905,769.8123168945312,4.196160793304443,1.2643377780914307,41582.40413419681,582.200000542216,341.4571308103066,1393.0171187295507,1393.01904296875,0.0,27.583593368530273,53632.627106211265,70.85813030570932,-425422.342712894,516.3400205573332,1099.5994873046875,1221.2889404296875,0.0,359951.875
0.0006485373596660793,657.3837890625,4.327487468719482,1.2787818908691406,42980.03343019285,586.1800005459227,361.55503084583205,1423.8242909742585,1423.826171875,0.0,31.96629536151886,56964.46455874352,77.69502281539212,-416739.5733014983,532.9056997574282,1060.9248046875,1174.0196533203125,0.0,359961.34375
0.000518307089805603,546.8156127929688,4.458276271820068,1.3032557964324951,44489.0918487974,590.2200005496852,385.86586355253723,1452.5840895047963,1452.5860595703125,0.0,34.85269758105278,60954.68098723714,85.76493196115547,-408710.23956849694,550.7782497702888,1021.6668701171875,1126.037841796875,0.0,359969.65625
0.0004068467824254185,447.3798522949219,4.599764823913574,1.3388081789016724,46091.053108652704,594.2400005534291,411.1803697191638,1482.9864889600508,1482.988525390625,0.0,34.77262735366821,65479.51588862261,94.82929628046054,-399959.738590704,570.7500231195963,982.603271484375,1078.2935791015625,0.0,359976.6875
0.0003133529971819371,359.0652770996094,4.749885082244873,1.365002989768982,47798.12152394594,598.260000557173,438.48651372907034,1513.854710160327,1513.856689453125,0.0,36.39699828624725,70703.4339972065,105.12421816369573,-390949.88259336585,592.8331038068079,943.5398559570312,1030.5491943359375,0.0,359982.4375
0.0002356904442422092,281.7972106933594,4.912895202636719,1.4025940895080566,49618.314587839996,602.280000560917,467.0176583454784,1546.3641784595243,1546.3662109375,0.0,33.06467950344086,76705.99902742135,116.80607898384642,-381189.33831543545,617.681395998386,904.4762573242188,982.804931640625,0.0,359987.125
0.00017142744036391377,215.0684814453125,5.102163791656494,1.4420491456985474,51570.60179698642,606.3400005646981,494.28221045311744,1584.0272222407357,1584.029296875,0.0,26.122178852558136,83505.90769385849,130.18930709567724,-368965.4686249243,647.1094977978787,865.0241088867188,934.5855712890625,0.0,359990.875
0.00012164810323156416,160.70748901367188,5.313998699188232,1.4750163555145264,53619.17860206321,610.3800005684607,519.3851022933076,1625.4732307117588,1625.475341796875,0.0,21.363785460591316,91075.9429289907,145.3688975953388,-354403.64994170703,681.1663396760134,825.7662353515625,886.6036987304688,0.0,359993.71875
8.468620217172429e-05,118.14571380615234,5.548640251159668,1.5071038007736206,55752.428681209916,614.4000005722046,541.3383012909122,1670.3870444008776,1670.38916015625,0.0,16.146715998649597,99444.89268431033,162.6830638846643,-337171.04128236935,720.5969256975131,786.7026977539062,838.859375,0.0,359995.75
5.7015218771994114e-05,84.10730743408203,5.794322490692139,1.5372978448867798,57969.86594746995,618.4200005759485,562.0534473945767,1717.6549594904975,1717.6571044921875,0.0,15.089424770325422,109061.53766645235,183.11582742258372,-317725.9259746666,766.4940145052245,747.63916015625,791.1151123046875,0.0,359997.25
3.6182766052661464e-05,55.553348541259766,5.913670539855957,0.7388302683830261,60255.81855687266,622.4200005796738,576.7745582753852,1752.3412934834482,1752.343505859375,0.0,15.170441955327988,117840.06398409768,200.9419165465008,-301963.9997726168,806.1158545100994,717.5485229492188,754.3377075195312,0.0,170896.984375
2.1943862520856783e-05,33.81251907348633,5.8846211433410645,0.003927059471607208,62644.508026509546,626.5600005835295,573.0917353435476,1755.4832361878898,1755.4854736328125,0.0,14.26219274662435,120775.67147290788,204.05719063545132,-296957.31807794044,816.3420087924779,708.2664794921875,742.992919921875,0.0,0.0
1.1584772437345237e-05,17.634626388549805,5.846404075622559,0.0025574539322406054,64958.63223177544,630.6400005873293,561.4212256706974,1744.8328446127248,1744.8350830078125,0.0,14.413472956046462,120763.80330922524,199.93324789978965,-297019.5788840217,812.1515690736775,708.2664794921875,742.992919921875,0.0,0.0
4.018925210402813e-06,6.046060085296631,5.856146335601807,0.0002605887711979449,67203.13989453274,634.6800005910918,549.86054466568,1734.5853660030816,1734.587646484375,0.0,4.618526335339993,120758.53502340277,195.87532016760383,-297043.54614978004,808.0674164132888,708.2664794921875,742.992919921875,0.0,0.0
1.9639642800939328e-07,0.29203522205352783,5.870129585266113,0.0004083025560248643,69422.48218030808,638.7600005948916,538.1917751506621,1724.5080837859907,1724.5103759765625,0.0,-1.375421680510044,120757.75899851951,191.79382986307894,-297044.97526046133,803.9839480691951,708.2664794921875,742.992919921875,0.0,0.0
0.0,0.0,0.0,0.00040444370824843645,71594.4417205432,642.8400005986914,526.5330009297096,1714.6579449806493,1714.6602783203125,0.0,-1.808645710349083,120757.6423860616,187.71373185453376,-297044.9955376243,799.9037272686838,708.2664794921875,742.992919921875,0.0,0.0
0.0,0.0,0.0,0.00039625089266337454,73739.50306197687,646.9600006025285,514.7698355649958,1704.9376956449075,1704.9400634765625,0.0,-1.7713342905044556,120757.61486928968,183.5937115181987,-297044.99781942903,795.7836802025963,708.2664794921875,742.992919921875,0.0,0.0
0.0,0.0,0.0,0.00038846253301016986,75805.95389187278,651.0200006063096,503.18792416673966,1695.5805206181249,1695.5830078125,0.0,-1.7450214736163616,120757.61485091981,179.53371157671415,-297044.99782181764,791.723680242491,708.2664794921875,742.992919921875,0.0,0.0
0.0,0.0,0.0,0.00038136247894726694,77707.32450979331,654.8400006098673,492.29984480506863,1686.9763527131422,1686.978759765625,0.0,-1.7292447835206985,120757.60340687295,175.71370329463173,-297044.9988544075,787.9036607686859,708.2664794921875,742.992919921875,0.0,0.0
0.0,0.0,0.0,0.0003786128363572061,79778.66975419235,659.1000006138347,480.1683733950442,1677.6086365639185,1677.611083984375,0.0,-1.7088996544480324,120757.59238461626,171.45369549192344,-297044.9999818477,783.6436420675248,708.2664794921875,742.992919921875,0.0,0.0
0.0,0.0,0.0,0.0003665254625957459,81751.54827855772,663.260000617709,468.33277989680204,1668.691331180133,1668.69384765625,0.0,-1.683051023632288,120757.59235776437,167.2936955433031,-297044.99996697635,779.4836421081577,708.2664794921875,742.992919921875,0.0,0.0
0.0,0.0,0.0,0.000359580124495551,83675.2019082706,667.4200006215833,456.50825501040123,1660.0008819780278,1660.00341796875,0.0,-1.662550201639533,120757.57641412166,163.13368445280219,-297045.0017523852,775.3236151144426,708.2664794921875,742.992919921875,0.0,0.0
0.0,0.0,0.0,0.000353010167600587,85514.11591820058,671.5000006253831,444.92200082563517,1651.6970241809213,1651.6995849609375,0.0,-1.6522379275411367,120757.57640406163,159.0536845301499,-297045.0017500511,771.2436151848599,708.2664794921875,742.992919921875,0.0,0.0
0.0,0.0,0.0,0.00034641390084289014,87375.06875635881,675.7400006293319,432.8928150411157,1643.2970090033036,1643.2996826171875,0.0,-1.6064863000065088,120757.56273071165,154.8136752948443,-297045.0033977786,767.0035922063278,708.2664794921875,742.992919921875,0.0,0.0
0.0,0.0,0.0,0.0003401917638257146,89151.37396225601,679.9000006332062,421.1019692709426,1635.2819943968386,1635.28466796875,0.0,-1.5949891917407513,120757.562722128,150.6536753903631,-297045.00335973006,762.8435923282769,708.2664794921875,742.992919921875,0.0,0.0
0.0,0.0,0.0,0.0003344090946484357,90813.11450214032,683.9000006369315,409.7752001437807,1627.7861842208538,1627.788818359375,0.0,-1.5530355051159859,120757.54950798862,146.65366671284744,-297045.0051159627,758.8435702221224,708.2664794921875,742.992919921875,0.0,0.0
0.0,0.0,0.0,0.00032848669798113406,92533.08272029809,688.1600006408989,397.72358768601947,1620.0298346870402,1620.0325927734375,0.0,-1.514677356928587,120757.54949782905,142.39366680746366,-297045.0050624594,754.5835703556187,708.2664794921875,742.992919921875,0.0,0.0
0.0,0.0,0.0,0.00032299093436449766,94139.98016606772,692.2600006447174,386.1356196108637,1612.7850454499737,1612.787841796875,0.0,-1.5158336497843266,120757.53670745785,138.2936586901751,-297045.0068947618,750.483549121582,708.2664794921875,742.992919921875,0.0,0.0
0.0,0.0,0.0,0.0003175147867295891,95751.80968430161,696.5000006486662,374.1632423674125,1605.519465221974,1605.522216796875,0.0,-1.4605581276118755,120757.53669640108,134.05365877329257,-297045.00689963094,746.2435491904138,708.2664794921875,742.992919921875,0.0,0.0
0.0,0.0,0.0,0.0003123343922197819,97291.15555646946,700.6800006525591,362.37135981868806,1598.5817180420647,1598.58447265625,0.0,-1.4365221820771694,120757.52738893521,129.87365309308393,-297045.0083308347,742.0635338774642,708.2664794921875,742.992919921875,0.0,0.0
0.0,0.0,0.0,0.00030730487196706235,98795.26308373164,704.9000006564893,350.4776571315916,1591.8036823617,1591.8065185546875,0.0,-1.4118423108011484,120757.52737792337,125.65365316253099,-297045.00834464957,737.8435339246413,708.2664794921875,742.992919921875,0.0,0.0
0.0,0.0,0.0,0.0003747204609680921,100215.33119873574,709.0200006603263,338.89286252530377,1585.4051425144025,1585.407958984375,0.0,-1.3582474142313004,120759.42974177317,121.53899229115689,-297047.0471061493,733.7287507026218,708.2664794921875,742.992919921875,0.0,0.0
0.0,0.0,0.0,0.000370186084182933,101607.3213838503,713.2000006642193,327.13289739379053,1579.133404719785,1579.13623046875,0.0,-1.3167687803506851,120759.4297408287,117.35899239357457,-297047.0470881511,729.548750820337,708.2664794921875,742.992919921875,0.0,0.0
0.0,0.0,0.0,0.00036587429349310696,102943.86825215898,717.3600006680936,315.43940694742764,1573.1117473141273,1573.1146240234375,0.0,-1.2976228408515453,120759.42972470087,113.19899245566307,-297047.0470405224,725.3887509106823,708.2664794921875,742.992919921875,0.0,0.0
0.0,0.0,0.0,0.00036171282408759,104237.86554058979,721.5400006719865,303.6997243969373,1567.2819252365969,1567.284912109375,0.0,-1.226689564064145,120759.42972143565,109.01899255640001,-297047.04707752995,721.2087509752939,708.2664794921875,742.992919921875,0.0,0.0
0.0,0.0,0.0,0.0003577591560315341,105482.81153850688,725.7200006758794,291.96984484193155,1561.6731051169074,1561.676025390625,0.0,-1.2173886187374592,120759.42971639405,104.83899264267814,-297047.0471046147,717.0287510327541,708.2664794921875,742.992919921875,0.0,0.0
0.0,0.0,0.0,0.0003539755125530064,106678.74667494814,729.9000006797723,280.2495043900727,1556.285003369054,1556.2879638671875,0.0,-1.1502344887703657,120759.42970797734,100.658992716846,-297047.0470807824,712.84875112075,708.2664794921875,742.992919921875,0.0,0.0
0.0,0.0,0.0,0.00035036809276789427,107825.71024233184,734.0800006836653,268.53842430297397,1551.1173643808431,1551.120361328125,0.0,-1.112871428951621,120759.42970340233,96.47899280104775,-297047.0470797488,708.6687512017752,708.2664794921875,742.992919921875,0.0,0.0
0.0,0.0,0.0,0.0003469325019977987,108928.87650726188,738.2800006875768,256.7803417625283,1546.1468162397887,1546.1497802734375,0.0,-1.07735781557858,120759.42969998927,92.27899289591483,-297047.0470757422,704.4687512971745,708.2664794921875,742.992919921875,0.0,0.0
0.0,0.0,0.0,0.000343689345754683,109972.87382074166,742.4400006914511,245.14286042219936,1541.4425823702284,1541.4456787109375,0.0,-1.0439396426081657,120759.42969192902,88.1189929731056,-297047.0470673984,700.3087513746198,708.2664794921875,742.992919921875,0.0,0.0
0.0,0.0,0.0,0.0003405722964089364,110982.48230336432,746.6600006953813,233.34597255745973,1536.8929795844765,1536.89599609375,0.0,-0.9736223742365837,120759.429691748,83.89899307090377,-297047.04707130214,696.0887514687538,708.2664794921875,742.992919921875,0.0,0.0
0.0,0.0,0.0,0.0003376379609107971,111937.89356572845,750.8600006992929,221.61310124606572,1532.587258542186,1532.59033203125,0.0,-0.935955248773098,120759.4296878106,79.69899314864244,-297047.04706777853,691.8887515461214,708.2664794921875,742.992919921875,0.0,0.0
0.0,0.0,0.0,0.000334838725393638,112852.43643636594,755.1000007032417,209.77634053822604,1528.465354176186,1528.468505859375,0.0,-0.8748367354273796,120759.42968987487,75.45899325792743,-297047.04708937014,687.64875163789,708.2664794921875,742.992919921875,0.0,0.0
0.0,0.0,0.0,0.0003323247074149549,113681.13186234224,759.1600007070228,198.44914138566693,1524.7300252413004,1524.733154296875,0.0,-0.8412796910852194,120759.42968213849,71.39899333278754,-297047.0471001769,683.5887516961167,708.2664794921875,742.992919921875,0.0,0.0
0.0,0.0,0.0,0.0003297448856756091,114531.03794057737,763.5800007111393,186.1250194565999,1520.89871361113,1520.90185546875,0.0,-0.8098837658762932,120759.42967632902,66.97899344599386,-297047.0471023708,679.1687518021439,708.2664794921875,742.992919921875,0.0,0.0
0.0,0.0,0.0,0.0003274196933489293,115302.12736368389,767.8600007151254,174.19826609360157,1517.422342103222,1517.425537109375,0.0,-0.7226722408086061,120759.42967180081,62.69899353143887,-297047.0471278131,674.8887518607049,708.2664794921875,742.992919921875,0.0,0.0
0.0,0.0,0.0,0.0003252607712056488,116022.18432497594,772.1400007191114,162.2780041725249,1514.1757116435513,1514.1788330078125,0.0,-0.6851961323991418,120759.42967121198,58.41899361213768,-297047.04713479726,670.6087519346106,708.2664794921875,742.992919921875,0.0,0.0
0.0,0.0,0.0,0.0003232776653021574,116685.21893975965,776.3800007230602,150.47514345349643,1511.1858825555973,1511.1890869140625,0.0,-0.6234092591330409,120759.42966730229,54.17899372396789,-297047.04712627764,666.3687520505761,708.2664794921875,742.992919921875,0.0,0.0
0.0,0.0,0.0,0.00032140189432539046,117312.07524173171,780.7200007271022,138.39966926116566,1508.3589086778563,1508.362060546875,0.0,-0.5905169565230608,120759.42967003048,49.83899384222093,-297047.0471162923,662.0287521802333,708.2664794921875,742.992919921875,0.0,0.0
0.0,0.0,0.0,0.0003197035694029182,117884.00867673953,785.0400007311255,126.38518952489216,1505.7793704137266,1505.7825927734375,0.0,-0.5165606271475554,120759.42966261401,45.51899392952612,-297047.04711977224,657.7087522577642,708.2661743164062,742.9925537109375,0.0,0.0
0.0,0.0,0.0,0.00031814517569728196,118408.62309237476,789.400000735186,114.2644228002586,1503.4130282642775,1503.416259765625,0.0,-0.4550839951261878,120759.42966018326,41.15899401128786,-297047.04709542956,653.3487523591813,708.2656860351562,742.991943359375,0.0,0.0
0.0,0.0,0.0,0.00031677138758823276,118874.26710136433,793.7000007391907,102.31488650748189,1501.312494306297,1501.315673828125,0.0,-0.39871985372155905,120759.42965882854,36.85899408752766,-297047.04709860147,649.0487524313606,708.2651977539062,742.9913940429688,0.0,0.0
0.0,0.0,0.0,0.00031554268207401037,119288.53676203126,798.0000007431954,90.369301455526,1499.4435597860877,1499.44677734375,0.0,-0.3467414351180196,120759.42965605762,32.558994144369876,-297047.04712359555,644.7487524632973,708.2647705078125,742.9907836914062,0.0,0.0
0.0,0.0,0.0,0.0003144725342281163,119651.44809282164,802.3000007472001,78.4272166895482,1497.8062022712284,1497.8094482421875,0.0,-0.2971345763653517,120759.42965344572,28.25899423744488,-297047.04710445757,640.4487525711963,708.2642822265625,742.9901733398438,0.0,0.0
0.0,0.0,0.0,0.00031353492522612214,119969.65010985453,806.7000007512979,66.21055778866037,1496.3704658645058,1496.3736572265625,0.0,-0.24966473085805774,120759.42965256679,23.85899432405131,-297047.04711529973,636.0487526472888,708.2637939453125,742.9896240234375,0.0,0.0
0.0,0.0,0.0,0.7377862334251404,120230.10379857605,811.0200007553212,54.60353085257898,1505.5922307859148,1505.595458984375,0.0,-0.18016165075823665,120777.01540087617,20.03337517549471,-291760.7616021489,636.9869388736553,701.729248046875,735.0029907226562,0.0,175356.03125
0.0,0.0,0.0,1.6023744344711304,120443.83238147327,815.3400007593445,44.69585665330936,1556.2644889139372,1556.2677001953125,0.0,-0.13507463689893484,120847.15950658103,18.048057502302413,-264165.63221048843,660.0484565009479,669.5848388671875,695.71533203125,0.0,359999.96875
0.0,0.0,0.0,1.6356749534606934,120618.218317591,819.6600007633679,36.21880018017821,1624.160222956644,1624.1634521484375,0.0,-0.0850531724281609,120925.57909435802,16.97222041657517,-223678.61769993464,696.2942608034933,627.6060791015625,644.4080200195312,0.0,359999.96875
0.0,0.0,0.0,1.6593092679977417,120760.82595347625,824.0600007674657,28.81673786511564,1694.924791749836,1694.927978515625,0.0,-0.04939943121280521,120996.16624146956,16.332826097301222,-176310.3401473966,740.182833238293,584.8773193359375,592.1838989257812,0.0,352569.65625
0.0,0.0,0.0,1.513464093208313,120872.37630304717,828.4000007715076,22.80173713583785,1762.552856712441,1762.5560302734375,0.0,-0.031159733538515866,121058.25143188552,16.30229256987718,-125221.94157606194,789.2083823463997,544.9569702148438,543.3923950195312,0.0,300557.25
0.0,0.0,0.0,0.8638890385627747,120960.96778141381,832.8000007756054,17.575690467148647,1803.2970015299588,1803.3001708984375,0.0,-0.004498486057855189,121092.7778814307,14.99785966163995,-91158.28350563714,821.1965675881494,521.2545166015625,514.4227294921875,0.0,179999.984375
0.0,0.0,0.0,0.8738341927528381,121029.28823235095,837.2800007797778,13.068941167312573,1841.219178432506,1841.222412109375,0.0,0.008162269135937095,121118.5382311932,13.657182138587245,-57026.31805300934,853.6726107527525,499.4877624511719,487.81890869140625,0.0,179999.984375
0.0,0.0,0.0,0.9174502491950989,121078.5800476335,841.660000783857,9.613570296960926,1883.9301651970752,1883.933349609375,0.0,0.018448093673214316,121143.6168164704,13.52886733536036,-15504.612293053651,895.2957805270527,475.328369140625,458.29083251953125,0.0,186130.015625
0.0,0.0,0.0,0.5514228343963623,121115.32331775234,846.100000787992,7.0861819499023095,1920.3911513489427,1920.3944091796875,0.0,0.015682919649407268,121165.9037821074,14.274019796144444,22880.810990944505,935.2338134816854,454.96099853515625,433.39727783203125,0.0,109969.0390625
0.0,0.0,0.0,0.3272194564342499,121142.22452108818,850.5000007920898,5.211983372816139,1938.5069775761406,1938.5101318359375,0.0,0.030172191560268402,121177.18828039244,13.415111676916808,43099.78883263201,955.2460455769415,444.9079284667969,421.1102600097656,0.0,65386.984375
0.0,0.0,0.0,0.32859745621681213,121161.57393551955,854.8600007961504,3.722129502275561,1952.4462627209887,1952.449462890625,0.0,0.01907656737603247,121184.29748681048,12.208737846139911,59193.44917180133,970.761557679241,437.2127380371094,411.7049865722656,0.0,65386.984375
0.0,0.0,0.0,0.3300063908100128,121175.35361898039,859.2800008002669,2.575832407050282,1966.658221102015,1966.661376953125,0.0,0.03726715175434947,121190.49321989832,11.753962538679275,76085.05793087604,987.9616317230907,429.41162109375,402.1702880859375,0.0,65386.984375
0.0,0.0,0.0,0.17681856453418732,121184.80282014597,863.6400008043274,1.8231087012892675,1980.5849797394496,1980.588134765625,0.0,0.017173785716295242,121197.1444593271,13.53728407355618,93137.18406377302,1007.6765990678082,421.80706787109375,392.8758239746094,0.0,14860.6826171875
0.0,0.0,0.0,0.0003996343584731221,121191.57101042592,868.0800008084625,1.2255809040864323,1980.5708527113793,1980.573974609375,0.0,0.03580884076654911,121197.14939533139,9.102693709791424,93148.1666375586,1003.2535934507864,421.80224609375,392.86993408203125,0.0,0.0
0.0,0.0,0.0,0.07542584091424942,121195.8020246668,872.5400008126162,0.7125445989941378,1987.8811003651097,1987.88427734375,0.0,0.02421031193807721,121198.62014350761,7.90964077618014,102310.24186154199,1011.737831468744,417.82464599609375,388.00848388671875,0.0,0.0
0.0,0.0,0.0,0.0004009550029877573,121198.06527617294,876.940000816714,0.3161919031134002,1987.8734548626412,1987.8765869140625,0.0,0.043503766879439354,121198.62014124403,3.509640011268516,102310.24182110722,1007.3378306586675,417.82464599609375,388.00848388671875,0.0,0.0
0.0,0.0,0.0,0.15273377299308777,121198.66827868624,881.4000008208677,0.036769173809247484,2004.915956639697,2004.9190673828125,0.0,0.013561506755650043,124223.47591592849,1024.5085704554474,121198.62070399208,2051.604858257783,408.6026916503906,376.73712158203125,0.0,0.0
0.0,0.0,0.0,0.0004040636704303324,121198.96759556059,885.8000008249655,0.0992825864669119,2004.9149698326587,2004.9180908203125,0.0,0.04097313340753317,124223.47584339895,1020.1085766352578,121198.62070316111,2047.2048643593998,408.6026916503906,376.73712158203125,0.0,0.0
0.0,0.0,0.0,0.0004040668427478522,121199.54842128488,890.2400008291006,0.1623459012476316,2004.9130397096492,2004.9161376953125,0.0,0.027938224375247955,124223.47583605873,1015.6685764965848,121198.62070466473,2042.7648642145057,408.6026916503906,376.73712158203125,0.0,0.0
0.0,0.0,0.0,0.00040406445623375475,121200.4408771951,894.8200008333661,0.227365777373664,2004.910065631603,2004.9130859375,0.0,0.037572785280644894,124223.47583790333,1011.0885778659501,121198.62070611434,2038.184865587382,408.6026916503906,376.73712158203125,0.0,0.0
0.0,0.0,0.0,0.00040405377512797713,121201.59023038717,899.2600008375011,0.2903550448624403,2004.906229922685,2004.9093017578125,0.0,0.026525008492171764,124223.47577322822,1006.6485856270904,121198.62070343352,2033.7448732767293,408.6026916503906,376.73712158203125,0.0,0.0
0.0,0.0,0.0,0.00040405045729130507,121203.03329120297,903.7400008416735,0.35385677464119586,2004.90140991858,2004.9044189453125,0.0,0.038336713798344135,124223.47569217696,1002.1685937032255,121198.62070945255,2029.2648812728892,408.6026916503906,376.73712158203125,0.0,0.0
0.0,0.0,0.0,0.0004040494386572391,121204.7857541031,908.2800008459017,0.41814042593004747,2004.895553168317,2004.8985595703125,0.0,0.027764311991631985,124223.47572831565,997.6285928881541,121198.62070960668,2024.7248804965013,408.6026916503906,376.73712158203125,0.0,0.0
